-- phpMyAdmin SQL Dump
-- version 5.2.1
-- https://www.phpmyadmin.net/
--
-- Host: 127.0.0.1
-- Generation Time: Sep 03, 2025 at 08:36 AM
-- Server version: 10.4.32-MariaDB
-- PHP Version: 8.2.12

SET SQL_MODE = "NO_AUTO_VALUE_ON_ZERO";
START TRANSACTION;
SET time_zone = "+00:00";


/*!40101 SET @OLD_CHARACTER_SET_CLIENT=@@CHARACTER_SET_CLIENT */;
/*!40101 SET @OLD_CHARACTER_SET_RESULTS=@@CHARACTER_SET_RESULTS */;
/*!40101 SET @OLD_COLLATION_CONNECTION=@@COLLATION_CONNECTION */;
/*!40101 SET NAMES utf8mb4 */;

--
-- Database: `it_checklist_db`
--

-- --------------------------------------------------------

--
-- Table structure for table `tasks`
--

CREATE TABLE `tasks` (
  `id` int(11) NOT NULL,
  `title` varchar(255) NOT NULL,
  `description` text DEFAULT NULL,
  `created_by` int(11) DEFAULT NULL,
  `created_at` timestamp NOT NULL DEFAULT current_timestamp(),
  `category` varchar(50) NOT NULL
) ENGINE=InnoDB DEFAULT CHARSET=latin1 COLLATE=latin1_swedish_ci;

--
-- Dumping data for table `tasks`
--

INSERT INTO `tasks` (`id`, `title`, `description`, `created_by`, `created_at`, `category`) VALUES
(25, 'Facility', 'Is the room locked?', 3, '2025-08-27 05:02:26', 'Security'),
(26, 'Servers', 'Are the servers running?', 3, '2025-08-27 05:04:23', 'Servers'),
(27, 'Network Infrastructure', 'Server Room', 3, '2025-08-27 05:09:53', 'Network'),
(29, 'Access Point', 'Are the Access points powered up and working properly?', 3, '2025-08-27 05:14:44', 'Network'),
(33, 'System Check', 'Can login to the operating system?', NULL, '2025-09-03 02:59:31', 'Security'),
(34, 'Primary Bizbox Server (172.17.1.22)', 'MSSQL Server service', NULL, '2025-09-03 03:01:33', 'Security'),
(35, 'Secondary Bizbox Server (n/S)', 'MSSQL Server service', NULL, '2025-09-03 03:02:58', 'Servers'),
(36, 'Active Directory 1(172.17.1.10)', 'MSSQL Server service', NULL, '2025-09-03 03:04:12', 'Servers'),
(37, 'Active Directory 2(172.17.1.11)', 'MSSQL Server service', NULL, '2025-09-03 03:05:54', 'Servers'),
(38, 'Text connect, power bi, HRIS Server (172.17.1.20)', 'MSSQL Server service', NULL, '2025-09-03 03:07:20', 'Servers');

-- --------------------------------------------------------

--
-- Table structure for table `task_descriptions`
--

CREATE TABLE `task_descriptions` (
  `id` int(11) NOT NULL,
  `task_id` int(11) NOT NULL,
  `text` text NOT NULL,
  `created_at` timestamp NOT NULL DEFAULT current_timestamp()
) ENGINE=InnoDB DEFAULT CHARSET=utf8mb4 COLLATE=utf8mb4_general_ci;

--
-- Dumping data for table `task_descriptions`
--

INSERT INTO `task_descriptions` (`id`, `task_id`, `text`, `created_at`) VALUES
(21, 25, 'Is the ACU 1 running?', '2025-08-27 05:03:51'),
(22, 25, 'Is the ACU 2 running?', '2025-08-27 05:03:51'),
(23, 25, 'Does the room have power supply?', '2025-08-27 05:03:51'),
(24, 25, 'Are the UPS working properly?', '2025-08-27 05:03:51'),
(25, 26, 'Primary Bizbox Server', '2025-08-27 05:07:04'),
(26, 26, 'Secondary Bizbox Server  ( N/S)', '2025-08-27 05:07:04'),
(27, 26, 'Active Directory 1(172.17.1.10)', '2025-08-27 05:07:04'),
(28, 26, 'Active Directory 2(172.17.1.11)', '2025-08-27 05:07:04'),
(29, 26, 'Text connect, power bi, HRIS Server (172.17.1.20)', '2025-08-27 05:07:04'),
(30, 26, 'Bizbox, File back -up / data base back-up (172.17.1.21)', '2025-08-27 05:07:04'),
(31, 26, 'Novarad server 1(172.17.1.30)', '2025-08-27 05:07:04'),
(32, 26, 'Novarad server 2 (back-up)', '2025-08-27 05:07:04'),
(33, 26, 'LIS server Rhumba', '2025-08-27 05:07:04'),
(34, 26, 'LIS server rosche', '2025-08-27 05:07:04'),
(35, 26, 'tmcshared server (172.17.1.12)', '2025-08-27 05:07:04'),
(36, 26, 'Zynology Storage (172.17.1.13)', '2025-08-27 05:07:04'),
(37, 27, 'Are the ISP working properly?', '2025-08-27 05:10:29'),
(38, 27, 'PLDT FIBER 100mbps', '2025-08-27 05:10:29'),
(39, 27, 'PLDT I-Gate', '2025-08-27 05:10:29'),
(40, 29, 'FIRST FLOOR', '2025-08-27 05:15:23'),
(41, 29, '1ST FLR AP #1  (UNIFI)', '2025-08-27 05:15:23'),
(42, 29, '1ST FLR AP #2  (UNIFI)', '2025-08-27 05:16:12'),
(43, 29, '1ST FLR AP #3  (UNIFI)', '2025-08-27 05:16:12'),
(44, 29, '1ST FLR AP #4  (UNIFI)', '2025-08-27 05:16:12'),
(45, 29, '1ST FLR AP #5  (UNIFI)', '2025-08-27 05:17:07'),
(46, 29, '1ST FLR AP #6  (UNIFI)', '2025-08-27 05:17:07'),
(47, 29, '1ST FLR AP #7  (UNIFI)', '2025-08-27 05:17:07'),
(48, 29, 'SECOND FLOOR', '2025-08-27 05:18:52'),
(49, 29, '2ND FLR AP #1  (UNIFI)', '2025-08-27 05:18:52'),
(50, 29, '2ND FLR AP #2  (UNIFI)', '2025-08-27 05:18:52'),
(51, 29, '2ND FLR AP #3  (UNIFI)', '2025-08-27 05:18:52'),
(52, 29, '2ND FLR AP #4  (UNIFI)', '2025-08-27 05:18:52'),
(53, 29, '2ND FLR AP #5 (UNIFI)', '2025-08-27 05:18:52'),
(54, 29, '2ND FLR AP #6 (UNIFI)', '2025-08-27 05:18:52'),
(55, 29, '2ND FLR AP #7 (UNIFI)', '2025-08-27 05:18:52'),
(56, 29, 'THIRD FLOOR', '2025-08-27 05:22:43'),
(57, 29, '3RD FLR AP #1  (UNIFI)', '2025-08-27 05:22:43'),
(58, 29, '3RD FLR AP #2  (UNIFI)', '2025-08-27 05:22:43'),
(59, 29, '3RD FLR AP #3  (UNIFI)', '2025-08-27 05:22:43'),
(60, 29, '3RD FLR AP # 4 (UNIFI)', '2025-08-27 05:22:43'),
(61, 29, '3RD FLR AP #5  (UNIFI)', '2025-08-27 05:22:43'),
(62, 29, '3RD FLR AP #6  (UNIFI)', '2025-08-27 05:22:43'),
(63, 29, '3RD FLR AP #7  (UNIFI)', '2025-08-27 05:22:43'),
(64, 29, '3RD FLR AP #8  (UNIFI)', '2025-08-27 05:22:43'),
(65, 29, '3RD FLR AP #9  (UNIFI)', '2025-08-27 05:22:43'),
(66, 29, '3RD FLR AP #10  (UNIFI)', '2025-08-27 05:22:43'),
(67, 29, 'FOURTH FLOOR', '2025-08-27 05:22:43'),
(68, 29, '4TH FLR AP #1 (UNIFI)', '2025-08-27 05:22:43'),
(69, 29, '4TH FLR AP #2 (UNIFI)', '2025-08-27 05:22:43'),
(70, 29, '4TH FLR AP #3 (UNIFI)', '2025-08-27 05:22:43'),
(71, 29, '4TH FLR AP #4 (UNIFI)', '2025-08-27 05:22:43'),
(72, 29, '4TH FLR AP #5 (UNIFI)', '2025-08-27 05:22:43'),
(73, 29, '4TH FLR AP #6 (UNIFI)', '2025-08-27 05:22:43'),
(74, 29, '4TH FLR AP #7 (UNIFI)', '2025-08-27 05:22:43'),
(75, 29, '4TH FLR AP #8 (UNIFI)', '2025-08-27 05:22:43'),
(76, 29, '4TH FLR AP #9 (UNIFI)', '2025-08-27 05:22:43'),
(77, 29, '4TH FLR AP #10 (UNIFI)', '2025-08-27 05:22:43'),
(78, 29, 'FIFTH FLOOR', '2025-08-27 06:38:42'),
(79, 29, '5TH FLR AP #1 (UNIFI)', '2025-08-27 06:38:42'),
(80, 29, '5TH FLR AP #2 (UNIFI)', '2025-08-27 06:38:42'),
(81, 29, '5TH FLR AP #3 (UNIFI)', '2025-08-27 06:38:42'),
(82, 29, '5TH FLR AP #4 (UNIFI)', '2025-08-27 06:38:42'),
(83, 29, '5TH FLR AP #5 (UNIFI)', '2025-08-27 06:38:42'),
(84, 29, '5TH FLR AP #6 (UNIFI)', '2025-08-27 06:38:42'),
(85, 29, '5TH FLR AP #7 (UNIFI)', '2025-08-27 06:38:42'),
(86, 29, '5TH FLR AP #8 (UNIFI)', '2025-08-27 06:38:42'),
(87, 29, 'SIXTH FLOOR', '2025-08-27 06:38:42'),
(88, 29, '6TH FLR AP #1  (UNIFI)', '2025-08-27 06:38:42'),
(89, 29, '6TH FLR AP #2  (UNIFI)', '2025-08-27 06:38:42'),
(90, 29, '6TH FLR AP #3  (UNIFI)', '2025-08-27 06:38:42'),
(91, 29, '6TH FLR AP #4  (UNIFI)', '2025-08-27 06:38:42'),
(92, 29, '6TH FLR AP #5  (UNIFI)', '2025-08-27 06:38:42'),
(93, 29, '6TH FLR AP #6  (UNIFI)', '2025-08-27 06:38:42'),
(94, 29, '6TH FLR AP #7  (UNIFI)', '2025-08-27 06:38:42'),
(100, 33, 'Primary Bizbox Server', '2025-09-03 02:59:31'),
(101, 33, 'Secondary Bizbox Server', '2025-09-03 02:59:31'),
(102, 33, 'Active Directory 1(172.17.1.10)', '2025-09-03 02:59:31'),
(103, 33, 'Active Directory 2(172.17.1.11)', '2025-09-03 02:59:31'),
(104, 33, 'text connect, power bi, HRIS Server (172.17.1.20)', '2025-09-03 02:59:31'),
(105, 33, 'Bizbox, File back -up / data base back-up (172.17.1.21)', '2025-09-03 02:59:31'),
(106, 33, 'Novarad server 1(172.17.1.30)', '2025-09-03 02:59:31'),
(107, 33, 'Novarad server 2 (back-up)', '2025-09-03 02:59:31'),
(108, 33, 'LIS server Rhumba', '2025-09-03 02:59:31'),
(109, 33, 'LIS server rosche', '2025-09-03 02:59:31'),
(110, 33, 'tmcshared server (172.17.1.12)', '2025-09-03 02:59:31'),
(111, 33, 'Zynology Storage (172.17.1.13', '2025-09-03 02:59:31'),
(112, 34, 'SQL Server Reporting Services', '2025-09-03 03:01:33'),
(113, 34, 'SQL Server Agent', '2025-09-03 03:01:33'),
(114, 35, 'SQL Server Reporting Services', '2025-09-03 03:02:58'),
(115, 35, 'SQL Server Agent', '2025-09-03 03:02:58'),
(116, 36, 'SQL Server Reporting Services', '2025-09-03 03:04:12'),
(117, 36, 'SQL Server Agent', '2025-09-03 03:04:12'),
(118, 36, 'Qme-up', '2025-09-03 03:04:12'),
(119, 36, 'Dhcp server 1', '2025-09-03 03:04:12'),
(120, 37, 'SQL Server Reporting Services', '2025-09-03 03:05:54'),
(121, 37, 'SQL Server Agent', '2025-09-03 03:05:54'),
(122, 37, 'Room monitoring', '2025-09-03 03:05:54'),
(123, 37, 'Machine Utilization', '2025-09-03 03:05:54'),
(124, 37, 'Ticketing System', '2025-09-03 03:05:54'),
(125, 37, 'Dhcp server 2', '2025-09-03 03:05:54'),
(126, 38, 'SQL Server Reporting Services', '2025-09-03 03:07:20'),
(127, 38, 'SQL Server Agent', '2025-09-03 03:07:20'),
(128, 38, 'Power bi', '2025-09-03 03:07:20'),
(129, 38, 'Text connect system', '2025-09-03 03:07:20'),
(130, 38, 'UNIS', '2025-09-03 03:07:20'),
(131, 27, 'Sophos Firewall', '2025-09-03 03:09:49'),
(132, 27, 'Are the switches powered up and working properly?', '2025-09-03 03:09:49');

-- --------------------------------------------------------

--
-- Table structure for table `users`
--

CREATE TABLE `users` (
  `id` int(11) NOT NULL,
  `name` varchar(100) NOT NULL,
  `email` varchar(150) NOT NULL,
  `password` varchar(255) NOT NULL,
  `role` enum('admin','user') NOT NULL DEFAULT 'user',
  `created_at` timestamp NOT NULL DEFAULT current_timestamp()
) ENGINE=InnoDB DEFAULT CHARSET=latin1 COLLATE=latin1_swedish_ci;

--
-- Dumping data for table `users`
--

INSERT INTO `users` (`id`, `name`, `email`, `password`, `role`, `created_at`) VALUES
(1, 'Admin', 'admin@tmc.com', '$2y$10$3Lr/0hZUfk1HbpOBFPe17.Tl9zjZ.u3tXqEQbKdxXv38Jc7AdMWZS', 'admin', '2025-08-11 06:13:29'),
(3, 'TMC IT', 'it@tmc.com', '$2y$10$5tH31V4XDUFuS5AGLtvqce7qnbDEfQ8RCXxzT3gw5YvswhIUOTvC6', 'user', '2025-08-11 06:40:43');

-- --------------------------------------------------------

--
-- Table structure for table `user_description_checks`
--

CREATE TABLE `user_description_checks` (
  `id` int(11) NOT NULL,
  `user_id` int(11) NOT NULL,
  `task_description_id` int(11) NOT NULL,
  `check_date` date NOT NULL,
  `status` enum('pending','completed') NOT NULL DEFAULT 'pending',
  `completed_at` datetime DEFAULT NULL
) ENGINE=InnoDB DEFAULT CHARSET=utf8mb4 COLLATE=utf8mb4_general_ci;

--
-- Dumping data for table `user_description_checks`
--

INSERT INTO `user_description_checks` (`id`, `user_id`, `task_description_id`, `check_date`, `status`, `completed_at`) VALUES
(258, 3, 40, '2025-08-27', 'completed', '2025-08-27 14:39:42'),
(260, 3, 25, '2025-08-27', 'completed', '2025-08-27 14:39:04'),
(261, 3, 26, '2025-08-27', 'completed', '2025-08-27 14:39:05'),
(262, 3, 27, '2025-08-27', 'completed', '2025-08-27 14:39:06'),
(263, 3, 28, '2025-08-27', 'completed', '2025-08-27 14:39:09'),
(264, 3, 29, '2025-08-27', 'completed', '2025-08-27 14:39:10'),
(265, 3, 30, '2025-08-27', 'completed', '2025-08-27 14:39:11'),
(266, 3, 31, '2025-08-27', 'completed', '2025-08-27 14:39:12'),
(267, 3, 32, '2025-08-27', 'completed', '2025-08-27 14:39:16'),
(268, 3, 33, '2025-08-27', 'completed', '2025-08-27 14:39:17'),
(269, 3, 34, '2025-08-27', 'completed', '2025-08-27 14:39:18'),
(270, 3, 35, '2025-08-27', 'completed', '2025-08-27 14:39:19'),
(271, 3, 36, '2025-08-27', 'completed', '2025-08-27 14:39:21'),
(272, 3, 21, '2025-08-27', 'completed', '2025-08-27 14:39:27'),
(273, 3, 22, '2025-08-27', 'completed', '2025-08-27 14:39:28'),
(274, 3, 23, '2025-08-27', 'completed', '2025-08-27 14:39:29'),
(275, 3, 24, '2025-08-27', 'completed', '2025-08-27 14:39:30'),
(276, 3, 37, '2025-08-27', 'completed', '2025-08-27 14:39:34'),
(277, 3, 38, '2025-08-27', 'completed', '2025-08-27 14:39:36'),
(278, 3, 39, '2025-08-27', 'completed', '2025-08-27 14:39:37'),
(280, 3, 41, '2025-08-27', 'completed', '2025-08-27 14:39:43'),
(281, 3, 42, '2025-08-27', 'completed', '2025-08-27 14:39:46'),
(282, 3, 43, '2025-08-27', 'completed', '2025-08-27 14:39:47'),
(283, 3, 44, '2025-08-27', 'completed', '2025-08-27 14:39:48'),
(284, 3, 45, '2025-08-27', 'completed', '2025-08-27 14:39:49'),
(285, 3, 46, '2025-08-27', 'completed', '2025-08-27 14:39:50'),
(286, 3, 47, '2025-08-27', 'completed', '2025-08-27 14:39:52'),
(287, 3, 48, '2025-08-27', 'completed', '2025-08-27 14:39:56'),
(288, 3, 49, '2025-08-27', 'completed', '2025-08-27 14:39:58'),
(289, 3, 50, '2025-08-27', 'completed', '2025-08-27 14:40:00'),
(290, 3, 51, '2025-08-27', 'completed', '2025-08-27 14:40:01'),
(291, 3, 52, '2025-08-27', 'completed', '2025-08-27 14:40:02'),
(292, 3, 53, '2025-08-27', 'completed', '2025-08-27 14:40:04'),
(293, 3, 54, '2025-08-27', 'completed', '2025-08-27 14:40:05'),
(294, 3, 55, '2025-08-27', 'completed', '2025-08-27 14:40:06'),
(295, 3, 56, '2025-08-27', 'completed', '2025-08-27 14:40:07'),
(296, 3, 57, '2025-08-27', 'completed', '2025-08-27 14:40:09'),
(297, 3, 58, '2025-08-27', 'completed', '2025-08-27 14:40:11'),
(298, 3, 59, '2025-08-27', 'completed', '2025-08-27 14:40:12'),
(299, 3, 60, '2025-08-27', 'completed', '2025-08-27 14:40:15'),
(300, 3, 61, '2025-08-27', 'completed', '2025-08-27 14:40:16'),
(301, 3, 62, '2025-08-27', 'completed', '2025-08-27 14:40:17'),
(302, 3, 63, '2025-08-27', 'completed', '2025-08-27 14:40:19'),
(303, 3, 64, '2025-08-27', 'completed', '2025-08-27 14:40:20'),
(304, 3, 65, '2025-08-27', 'completed', '2025-08-27 14:40:21'),
(305, 3, 66, '2025-08-27', 'completed', '2025-08-27 14:40:23'),
(306, 3, 67, '2025-08-27', 'completed', '2025-08-27 14:40:24'),
(307, 3, 68, '2025-08-27', 'completed', '2025-08-27 14:40:25'),
(308, 3, 69, '2025-08-27', 'completed', '2025-08-27 14:40:26'),
(309, 3, 70, '2025-08-27', 'completed', '2025-08-27 14:40:27'),
(310, 3, 71, '2025-08-27', 'completed', '2025-08-27 14:40:33'),
(311, 3, 72, '2025-08-27', 'completed', '2025-08-27 14:40:34'),
(312, 3, 74, '2025-08-27', 'completed', '2025-08-27 14:40:36'),
(313, 3, 73, '2025-08-27', 'completed', '2025-08-27 14:40:37'),
(314, 3, 75, '2025-08-27', 'completed', '2025-08-27 14:40:39'),
(315, 3, 76, '2025-08-27', 'completed', '2025-08-27 14:40:40'),
(316, 3, 77, '2025-08-27', 'completed', '2025-08-27 14:40:41'),
(317, 3, 78, '2025-08-27', 'completed', '2025-08-27 14:40:42'),
(318, 3, 79, '2025-08-27', 'completed', '2025-08-27 14:40:43'),
(319, 3, 80, '2025-08-27', 'completed', '2025-08-27 14:40:47'),
(320, 3, 81, '2025-08-27', 'completed', '2025-08-27 14:40:48'),
(321, 3, 82, '2025-08-27', 'completed', '2025-08-27 14:40:49'),
(322, 3, 83, '2025-08-27', 'completed', '2025-08-27 14:40:50'),
(323, 3, 84, '2025-08-27', 'completed', '2025-08-27 14:40:51'),
(324, 3, 85, '2025-08-27', 'completed', '2025-08-27 14:40:53'),
(325, 3, 86, '2025-08-27', 'completed', '2025-08-27 14:40:54'),
(326, 3, 87, '2025-08-27', 'completed', '2025-08-27 14:40:55'),
(327, 3, 88, '2025-08-27', 'completed', '2025-08-27 14:40:56'),
(328, 3, 89, '2025-08-27', 'completed', '2025-08-27 14:40:57'),
(329, 3, 90, '2025-08-27', 'completed', '2025-08-27 14:40:58'),
(330, 3, 91, '2025-08-27', 'completed', '2025-08-27 14:40:59'),
(331, 3, 92, '2025-08-27', 'completed', '2025-08-27 14:41:00'),
(332, 3, 93, '2025-08-27', 'completed', '2025-08-27 14:41:05'),
(333, 3, 94, '2025-08-27', 'completed', '2025-08-27 14:41:07'),
(336, 3, 25, '2025-09-01', 'completed', '2025-09-01 10:59:53'),
(337, 3, 26, '2025-09-01', 'completed', '2025-09-01 10:59:54'),
(338, 3, 27, '2025-09-01', 'completed', '2025-09-01 10:59:55'),
(339, 3, 28, '2025-09-01', 'completed', '2025-09-01 10:59:56'),
(340, 3, 29, '2025-09-01', 'completed', '2025-09-01 10:59:58'),
(343, 3, 30, '2025-09-01', 'completed', '2025-09-01 10:59:59'),
(344, 3, 31, '2025-09-01', 'completed', '2025-09-01 11:00:01'),
(345, 3, 32, '2025-09-01', 'completed', '2025-09-01 11:00:02'),
(346, 3, 33, '2025-09-01', 'completed', '2025-09-01 11:00:03'),
(347, 3, 34, '2025-09-01', 'completed', '2025-09-01 11:00:07'),
(348, 3, 35, '2025-09-01', 'completed', '2025-09-01 11:00:08'),
(349, 3, 36, '2025-09-01', 'completed', '2025-09-01 11:00:09'),
(352, 3, 21, '2025-09-01', 'completed', '2025-09-01 11:00:19'),
(353, 3, 22, '2025-09-01', 'completed', '2025-09-01 11:00:20'),
(354, 3, 23, '2025-09-01', 'completed', '2025-09-01 11:00:20'),
(355, 3, 24, '2025-09-01', 'completed', '2025-09-01 11:00:21'),
(357, 3, 37, '2025-09-01', 'completed', '2025-09-01 11:00:29'),
(358, 3, 38, '2025-09-01', 'completed', '2025-09-01 11:00:30'),
(359, 3, 39, '2025-09-01', 'completed', '2025-09-01 11:00:33'),
(360, 3, 40, '2025-09-01', 'completed', '2025-09-01 11:00:36'),
(361, 3, 41, '2025-09-01', 'completed', '2025-09-01 11:00:38'),
(362, 3, 42, '2025-09-01', 'completed', '2025-09-01 11:00:39'),
(363, 3, 43, '2025-09-01', 'completed', '2025-09-01 11:00:40'),
(364, 3, 44, '2025-09-01', 'completed', '2025-09-01 11:00:41'),
(365, 3, 45, '2025-09-01', 'completed', '2025-09-01 11:00:42'),
(366, 3, 46, '2025-09-01', 'completed', '2025-09-01 11:00:42'),
(367, 3, 47, '2025-09-01', 'completed', '2025-09-01 11:00:43'),
(368, 3, 48, '2025-09-01', 'completed', '2025-09-01 11:00:44'),
(369, 3, 49, '2025-09-01', 'completed', '2025-09-01 11:00:45'),
(370, 3, 50, '2025-09-01', 'completed', '2025-09-01 11:00:46'),
(371, 3, 51, '2025-09-01', 'completed', '2025-09-01 11:00:47'),
(372, 3, 52, '2025-09-01', 'completed', '2025-09-01 11:00:48'),
(373, 3, 53, '2025-09-01', 'completed', '2025-09-01 11:00:49'),
(374, 3, 54, '2025-09-01', 'completed', '2025-09-01 11:00:52'),
(375, 3, 55, '2025-09-01', 'completed', '2025-09-01 11:00:53'),
(376, 3, 56, '2025-09-01', 'completed', '2025-09-01 11:00:54'),
(377, 3, 57, '2025-09-01', 'completed', '2025-09-01 11:00:55'),
(378, 3, 58, '2025-09-01', 'completed', '2025-09-01 11:00:56'),
(379, 3, 59, '2025-09-01', 'completed', '2025-09-01 11:00:57'),
(380, 3, 60, '2025-09-01', 'completed', '2025-09-01 11:00:58'),
(381, 3, 61, '2025-09-01', 'completed', '2025-09-01 11:00:59'),
(382, 3, 62, '2025-09-01', 'completed', '2025-09-01 11:01:00'),
(383, 3, 63, '2025-09-01', 'completed', '2025-09-01 11:01:01'),
(384, 3, 64, '2025-09-01', 'completed', '2025-09-01 11:01:02'),
(385, 3, 65, '2025-09-01', 'completed', '2025-09-01 11:01:02'),
(386, 3, 66, '2025-09-01', 'completed', '2025-09-01 11:01:03'),
(387, 3, 67, '2025-09-01', 'completed', '2025-09-01 11:01:05'),
(388, 3, 68, '2025-09-01', 'completed', '2025-09-01 11:01:06'),
(389, 3, 69, '2025-09-01', 'completed', '2025-09-01 11:01:07'),
(390, 3, 70, '2025-09-01', 'completed', '2025-09-01 11:01:08'),
(391, 3, 71, '2025-09-01', 'completed', '2025-09-01 11:01:11'),
(392, 3, 72, '2025-09-01', 'completed', '2025-09-01 11:01:12'),
(393, 3, 73, '2025-09-01', 'completed', '2025-09-01 11:01:12'),
(394, 3, 74, '2025-09-01', 'completed', '2025-09-01 11:01:13'),
(395, 3, 75, '2025-09-01', 'completed', '2025-09-01 11:01:15'),
(396, 3, 76, '2025-09-01', 'completed', '2025-09-01 11:01:17'),
(397, 3, 77, '2025-09-01', 'completed', '2025-09-01 11:01:18'),
(398, 3, 78, '2025-09-01', 'completed', '2025-09-01 11:01:19'),
(399, 3, 79, '2025-09-01', 'completed', '2025-09-01 11:01:21'),
(400, 3, 80, '2025-09-01', 'completed', '2025-09-01 11:01:24'),
(403, 3, 81, '2025-09-01', 'completed', '2025-09-01 11:01:25'),
(404, 3, 82, '2025-09-01', 'completed', '2025-09-01 11:01:26'),
(405, 3, 83, '2025-09-01', 'completed', '2025-09-01 11:01:28'),
(406, 3, 84, '2025-09-01', 'completed', '2025-09-01 11:01:29'),
(407, 3, 85, '2025-09-01', 'completed', '2025-09-01 11:01:30'),
(408, 3, 86, '2025-09-01', 'completed', '2025-09-01 11:01:31'),
(409, 3, 87, '2025-09-01', 'completed', '2025-09-01 11:01:33'),
(410, 3, 88, '2025-09-01', 'completed', '2025-09-01 11:01:34'),
(411, 3, 89, '2025-09-01', 'completed', '2025-09-01 11:01:35'),
(412, 3, 90, '2025-09-01', 'completed', '2025-09-01 11:01:37'),
(413, 3, 91, '2025-09-01', 'completed', '2025-09-01 11:01:39'),
(414, 3, 92, '2025-09-01', 'completed', '2025-09-01 11:01:40'),
(415, 3, 93, '2025-09-01', 'completed', '2025-09-01 11:01:42'),
(418, 3, 94, '2025-09-01', 'completed', '2025-09-01 11:01:44'),
(423, 3, 21, '2025-09-02', 'completed', '2025-09-02 11:19:18'),
(424, 3, 22, '2025-09-02', 'completed', '2025-09-02 11:19:18'),
(425, 3, 23, '2025-09-02', 'completed', '2025-09-02 11:19:19'),
(426, 3, 24, '2025-09-02', 'completed', '2025-09-02 11:19:20'),
(427, 3, 25, '2025-09-02', 'completed', '2025-09-02 11:19:25'),
(428, 3, 26, '2025-09-02', 'completed', '2025-09-02 11:19:26'),
(429, 3, 27, '2025-09-02', 'completed', '2025-09-02 11:19:29'),
(430, 3, 28, '2025-09-02', 'completed', '2025-09-02 11:19:30'),
(431, 3, 29, '2025-09-02', 'completed', '2025-09-02 11:19:31'),
(432, 3, 30, '2025-09-02', 'completed', '2025-09-02 11:19:32'),
(433, 3, 31, '2025-09-02', 'completed', '2025-09-02 11:19:33'),
(434, 3, 32, '2025-09-02', 'completed', '2025-09-02 11:19:34'),
(435, 3, 33, '2025-09-02', 'completed', '2025-09-02 11:19:35'),
(436, 3, 34, '2025-09-02', 'completed', '2025-09-02 11:19:36'),
(437, 3, 35, '2025-09-02', 'completed', '2025-09-02 11:19:37'),
(438, 3, 36, '2025-09-02', 'completed', '2025-09-02 11:19:39'),
(439, 3, 37, '2025-09-02', 'completed', '2025-09-02 11:19:43'),
(440, 3, 38, '2025-09-02', 'completed', '2025-09-02 11:19:45'),
(441, 3, 39, '2025-09-02', 'completed', '2025-09-02 11:19:46'),
(442, 3, 40, '2025-09-02', 'completed', '2025-09-02 11:19:50'),
(443, 3, 41, '2025-09-02', 'completed', '2025-09-02 11:19:51'),
(444, 3, 42, '2025-09-02', 'completed', '2025-09-02 11:19:52'),
(445, 3, 43, '2025-09-02', 'completed', '2025-09-02 11:19:53'),
(446, 3, 44, '2025-09-02', 'completed', '2025-09-02 11:19:54'),
(447, 3, 45, '2025-09-02', 'completed', '2025-09-02 11:20:03'),
(448, 3, 46, '2025-09-02', 'completed', '2025-09-02 11:20:04'),
(449, 3, 47, '2025-09-02', 'completed', '2025-09-02 11:20:05'),
(450, 3, 48, '2025-09-02', 'completed', '2025-09-02 11:20:06'),
(451, 3, 49, '2025-09-02', 'completed', '2025-09-02 11:20:08'),
(452, 3, 50, '2025-09-02', 'completed', '2025-09-02 11:20:09'),
(453, 3, 51, '2025-09-02', 'completed', '2025-09-02 11:20:09'),
(454, 3, 52, '2025-09-02', 'completed', '2025-09-02 11:20:11'),
(455, 3, 53, '2025-09-02', 'completed', '2025-09-02 11:20:11'),
(456, 3, 54, '2025-09-02', 'completed', '2025-09-02 11:20:12'),
(457, 3, 55, '2025-09-02', 'completed', '2025-09-02 11:20:13'),
(458, 3, 56, '2025-09-02', 'completed', '2025-09-02 11:20:16'),
(459, 3, 57, '2025-09-02', 'completed', '2025-09-02 11:20:17'),
(460, 3, 58, '2025-09-02', 'completed', '2025-09-02 11:20:17'),
(461, 3, 59, '2025-09-02', 'completed', '2025-09-02 11:20:18'),
(462, 3, 60, '2025-09-02', 'completed', '2025-09-02 11:20:19'),
(463, 3, 61, '2025-09-02', 'completed', '2025-09-02 11:20:20'),
(464, 3, 62, '2025-09-02', 'completed', '2025-09-02 11:20:21'),
(465, 3, 63, '2025-09-02', 'completed', '2025-09-02 11:20:22'),
(466, 3, 64, '2025-09-02', 'completed', '2025-09-02 11:20:23'),
(467, 3, 66, '2025-09-02', 'completed', '2025-09-02 11:20:24'),
(468, 3, 67, '2025-09-02', 'completed', '2025-09-02 11:20:27'),
(469, 3, 68, '2025-09-02', 'completed', '2025-09-02 11:20:29'),
(470, 3, 69, '2025-09-02', 'completed', '2025-09-02 11:20:30'),
(471, 3, 70, '2025-09-02', 'completed', '2025-09-02 11:20:31'),
(472, 3, 71, '2025-09-02', 'completed', '2025-09-02 11:20:32'),
(473, 3, 72, '2025-09-02', 'completed', '2025-09-02 11:20:33'),
(474, 3, 73, '2025-09-02', 'completed', '2025-09-02 11:20:33'),
(475, 3, 74, '2025-09-02', 'completed', '2025-09-02 11:20:34'),
(476, 3, 75, '2025-09-02', 'completed', '2025-09-02 11:20:35'),
(477, 3, 76, '2025-09-02', 'completed', '2025-09-02 11:20:37'),
(478, 3, 77, '2025-09-02', 'completed', '2025-09-02 11:20:40'),
(479, 3, 78, '2025-09-02', 'completed', '2025-09-02 11:20:41'),
(480, 3, 79, '2025-09-02', 'completed', '2025-09-02 11:20:42'),
(481, 3, 80, '2025-09-02', 'completed', '2025-09-02 11:20:43'),
(482, 3, 81, '2025-09-02', 'completed', '2025-09-02 11:20:44'),
(483, 3, 82, '2025-09-02', 'completed', '2025-09-02 11:20:45'),
(484, 3, 83, '2025-09-02', 'completed', '2025-09-02 11:20:46'),
(485, 3, 84, '2025-09-02', 'completed', '2025-09-02 11:20:47'),
(486, 3, 85, '2025-09-02', 'completed', '2025-09-02 11:20:48'),
(487, 3, 86, '2025-09-02', 'completed', '2025-09-02 11:20:49'),
(488, 3, 87, '2025-09-02', 'completed', '2025-09-02 11:20:50'),
(489, 3, 88, '2025-09-02', 'completed', '2025-09-02 11:20:52'),
(490, 3, 89, '2025-09-02', 'completed', '2025-09-02 11:20:53'),
(491, 3, 90, '2025-09-02', 'completed', '2025-09-02 11:20:55'),
(492, 3, 91, '2025-09-02', 'completed', '2025-09-02 11:20:56'),
(493, 3, 92, '2025-09-02', 'completed', '2025-09-02 11:20:57'),
(494, 3, 93, '2025-09-02', 'completed', '2025-09-02 11:20:57'),
(495, 3, 94, '2025-09-02', 'completed', '2025-09-02 11:20:58'),
(496, 3, 25, '2025-09-03', 'completed', '2025-09-03 11:13:51'),
(497, 3, 26, '2025-09-03', 'completed', '2025-09-03 11:13:55'),
(498, 3, 27, '2025-09-03', 'completed', '2025-09-03 11:13:56'),
(499, 3, 28, '2025-09-03', 'completed', '2025-09-03 11:13:57'),
(500, 3, 29, '2025-09-03', 'completed', '2025-09-03 11:14:00'),
(501, 3, 30, '2025-09-03', 'completed', '2025-09-03 11:14:01'),
(502, 3, 31, '2025-09-03', 'completed', '2025-09-03 11:14:02'),
(503, 3, 32, '2025-09-03', 'completed', '2025-09-03 11:14:03'),
(504, 3, 33, '2025-09-03', 'completed', '2025-09-03 11:14:04'),
(505, 3, 34, '2025-09-03', 'completed', '2025-09-03 11:14:05'),
(506, 3, 35, '2025-09-03', 'completed', '2025-09-03 11:14:07'),
(507, 3, 36, '2025-09-03', 'completed', '2025-09-03 11:14:08'),
(508, 3, 100, '2025-09-03', 'completed', '2025-09-03 11:14:13'),
(509, 3, 101, '2025-09-03', 'completed', '2025-09-03 11:14:14'),
(510, 3, 102, '2025-09-03', 'completed', '2025-09-03 11:14:15'),
(511, 3, 103, '2025-09-03', 'completed', '2025-09-03 11:14:18'),
(512, 3, 104, '2025-09-03', 'completed', '2025-09-03 11:14:19'),
(513, 3, 105, '2025-09-03', 'completed', '2025-09-03 11:14:20'),
(514, 3, 106, '2025-09-03', 'completed', '2025-09-03 11:14:21'),
(515, 3, 107, '2025-09-03', 'completed', '2025-09-03 11:14:23'),
(516, 3, 108, '2025-09-03', 'completed', '2025-09-03 11:14:24'),
(517, 3, 109, '2025-09-03', 'completed', '2025-09-03 11:14:26'),
(518, 3, 110, '2025-09-03', 'completed', '2025-09-03 11:14:27'),
(519, 3, 111, '2025-09-03', 'completed', '2025-09-03 11:14:28'),
(520, 3, 112, '2025-09-03', 'completed', '2025-09-03 11:14:32'),
(521, 3, 113, '2025-09-03', 'completed', '2025-09-03 11:14:33'),
(522, 3, 114, '2025-09-03', 'completed', '2025-09-03 11:14:36'),
(523, 3, 115, '2025-09-03', 'completed', '2025-09-03 11:14:37'),
(524, 3, 116, '2025-09-03', 'completed', '2025-09-03 11:14:40'),
(525, 3, 117, '2025-09-03', 'completed', '2025-09-03 11:14:41'),
(526, 3, 118, '2025-09-03', 'completed', '2025-09-03 11:14:42'),
(527, 3, 119, '2025-09-03', 'completed', '2025-09-03 11:14:45'),
(528, 3, 120, '2025-09-03', 'completed', '2025-09-03 11:14:48'),
(529, 3, 121, '2025-09-03', 'completed', '2025-09-03 11:14:48'),
(530, 3, 122, '2025-09-03', 'completed', '2025-09-03 11:14:49'),
(531, 3, 123, '2025-09-03', 'completed', '2025-09-03 11:14:50'),
(532, 3, 124, '2025-09-03', 'completed', '2025-09-03 11:14:51'),
(533, 3, 125, '2025-09-03', 'completed', '2025-09-03 11:14:52'),
(534, 3, 126, '2025-09-03', 'completed', '2025-09-03 11:14:55'),
(535, 3, 127, '2025-09-03', 'completed', '2025-09-03 11:14:56'),
(536, 3, 128, '2025-09-03', 'completed', '2025-09-03 11:14:57'),
(537, 3, 129, '2025-09-03', 'completed', '2025-09-03 11:14:58'),
(538, 3, 130, '2025-09-03', 'completed', '2025-09-03 11:14:58'),
(539, 3, 21, '2025-09-03', 'completed', '2025-09-03 11:15:01'),
(540, 3, 22, '2025-09-03', 'completed', '2025-09-03 11:15:02'),
(541, 3, 23, '2025-09-03', 'completed', '2025-09-03 11:15:03'),
(542, 3, 24, '2025-09-03', 'completed', '2025-09-03 11:15:04'),
(543, 3, 37, '2025-09-03', 'completed', '2025-09-03 11:15:09'),
(544, 3, 38, '2025-09-03', 'completed', '2025-09-03 11:15:10'),
(545, 3, 39, '2025-09-03', 'completed', '2025-09-03 11:15:11'),
(546, 3, 131, '2025-09-03', 'completed', '2025-09-03 11:15:12'),
(547, 3, 132, '2025-09-03', 'completed', '2025-09-03 11:15:12'),
(548, 3, 40, '2025-09-03', 'completed', '2025-09-03 11:15:15'),
(549, 3, 41, '2025-09-03', 'completed', '2025-09-03 11:15:16'),
(550, 3, 42, '2025-09-03', 'completed', '2025-09-03 11:15:17'),
(551, 3, 43, '2025-09-03', 'completed', '2025-09-03 11:15:18'),
(552, 3, 44, '2025-09-03', 'completed', '2025-09-03 11:15:19'),
(553, 3, 45, '2025-09-03', 'completed', '2025-09-03 11:15:19'),
(554, 3, 46, '2025-09-03', 'completed', '2025-09-03 11:15:20'),
(555, 3, 47, '2025-09-03', 'completed', '2025-09-03 11:15:21'),
(556, 3, 48, '2025-09-03', 'completed', '2025-09-03 11:15:22'),
(557, 3, 49, '2025-09-03', 'completed', '2025-09-03 11:15:24'),
(558, 3, 50, '2025-09-03', 'completed', '2025-09-03 11:15:25'),
(559, 3, 51, '2025-09-03', 'completed', '2025-09-03 11:15:26'),
(560, 3, 52, '2025-09-03', 'completed', '2025-09-03 11:15:27'),
(561, 3, 53, '2025-09-03', 'completed', '2025-09-03 11:15:27'),
(562, 3, 54, '2025-09-03', 'completed', '2025-09-03 11:15:28'),
(563, 3, 55, '2025-09-03', 'completed', '2025-09-03 11:15:29'),
(564, 3, 56, '2025-09-03', 'completed', '2025-09-03 11:15:30'),
(565, 3, 57, '2025-09-03', 'completed', '2025-09-03 11:15:30'),
(566, 3, 58, '2025-09-03', 'completed', '2025-09-03 11:15:33'),
(567, 3, 59, '2025-09-03', 'completed', '2025-09-03 11:15:34'),
(568, 3, 60, '2025-09-03', 'completed', '2025-09-03 11:15:34'),
(569, 3, 61, '2025-09-03', 'completed', '2025-09-03 11:15:35'),
(570, 3, 62, '2025-09-03', 'completed', '2025-09-03 11:15:36'),
(571, 3, 63, '2025-09-03', 'completed', '2025-09-03 11:15:37'),
(572, 3, 64, '2025-09-03', 'completed', '2025-09-03 11:15:38'),
(573, 3, 65, '2025-09-03', 'pending', NULL),
(574, 3, 66, '2025-09-03', 'completed', '2025-09-03 11:15:40'),
(575, 3, 67, '2025-09-03', 'completed', '2025-09-03 11:15:41'),
(576, 3, 68, '2025-09-03', 'completed', '2025-09-03 11:15:43'),
(577, 3, 69, '2025-09-03', 'completed', '2025-09-03 11:15:44'),
(578, 3, 70, '2025-09-03', 'completed', '2025-09-03 11:15:47'),
(579, 3, 71, '2025-09-03', 'completed', '2025-09-03 11:15:49'),
(580, 3, 72, '2025-09-03', 'completed', '2025-09-03 11:15:50'),
(581, 3, 73, '2025-09-03', 'completed', '2025-09-03 11:15:54'),
(584, 3, 74, '2025-09-03', 'completed', '2025-09-03 11:15:55'),
(585, 3, 75, '2025-09-03', 'completed', '2025-09-03 11:15:56'),
(586, 3, 76, '2025-09-03', 'completed', '2025-09-03 11:15:58'),
(587, 3, 77, '2025-09-03', 'completed', '2025-09-03 11:16:00'),
(588, 3, 78, '2025-09-03', 'completed', '2025-09-03 11:16:01'),
(589, 3, 79, '2025-09-03', 'completed', '2025-09-03 11:16:02'),
(590, 3, 80, '2025-09-03', 'completed', '2025-09-03 11:16:06'),
(591, 3, 81, '2025-09-03', 'completed', '2025-09-03 11:16:07'),
(592, 3, 82, '2025-09-03', 'completed', '2025-09-03 11:16:08'),
(593, 3, 83, '2025-09-03', 'completed', '2025-09-03 11:16:11'),
(594, 3, 84, '2025-09-03', 'completed', '2025-09-03 11:16:12'),
(595, 3, 85, '2025-09-03', 'completed', '2025-09-03 11:16:13'),
(596, 3, 86, '2025-09-03', 'completed', '2025-09-03 11:16:14'),
(597, 3, 87, '2025-09-03', 'completed', '2025-09-03 11:16:15'),
(598, 3, 88, '2025-09-03', 'completed', '2025-09-03 11:16:18'),
(599, 3, 89, '2025-09-03', 'completed', '2025-09-03 11:16:19'),
(600, 3, 90, '2025-09-03', 'completed', '2025-09-03 11:16:20'),
(601, 3, 91, '2025-09-03', 'completed', '2025-09-03 11:16:21'),
(602, 3, 92, '2025-09-03', 'completed', '2025-09-03 11:16:22'),
(603, 3, 93, '2025-09-03', 'completed', '2025-09-03 11:16:23'),
(604, 3, 94, '2025-09-03', 'completed', '2025-09-03 11:16:24');

-- --------------------------------------------------------

--
-- Table structure for table `user_tasks`
--

CREATE TABLE `user_tasks` (
  `id` int(11) NOT NULL,
  `user_id` int(11) NOT NULL,
  `task_id` int(11) NOT NULL,
  `task_date` date NOT NULL,
  `status` enum('pending','in_progress','completed') DEFAULT 'pending',
  `completed_at` datetime DEFAULT NULL,
  `remarks` text DEFAULT NULL,
  `updated_at` timestamp NOT NULL DEFAULT current_timestamp() ON UPDATE current_timestamp()
) ENGINE=InnoDB DEFAULT CHARSET=latin1 COLLATE=latin1_swedish_ci;

--
-- Dumping data for table `user_tasks`
--

INSERT INTO `user_tasks` (`id`, `user_id`, `task_id`, `task_date`, `status`, `completed_at`, `remarks`, `updated_at`) VALUES
(4956, 3, 25, '2025-08-27', 'completed', '2025-08-27 14:39:26', NULL, '2025-08-27 06:39:26'),
(4958, 3, 26, '2025-08-27', 'completed', '2025-08-27 14:39:02', NULL, '2025-08-27 06:39:02'),
(4964, 3, 27, '2025-08-27', 'completed', '2025-08-27 14:39:33', NULL, '2025-08-27 06:39:33'),
(4976, 3, 29, '2025-08-27', 'completed', '2025-08-27 14:39:40', NULL, '2025-08-27 06:39:40'),
(5462, 3, 26, '2025-09-01', 'completed', '2025-09-01 10:59:29', NULL, '2025-09-01 02:59:29'),
(5464, 3, 25, '2025-09-01', 'completed', '2025-09-01 11:00:18', NULL, '2025-09-01 03:00:18'),
(5465, 3, 27, '2025-09-01', 'completed', '2025-09-01 11:00:28', NULL, '2025-09-01 03:00:28'),
(5466, 3, 29, '2025-09-01', 'completed', '2025-09-01 11:00:35', NULL, '2025-09-01 03:00:35'),
(5467, 1, 26, '2025-09-01', 'pending', NULL, NULL, '2025-09-01 00:44:23'),
(5469, 1, 25, '2025-09-01', 'pending', NULL, NULL, '2025-09-01 00:44:23'),
(5470, 1, 27, '2025-09-01', 'pending', NULL, NULL, '2025-09-01 00:44:23'),
(5471, 1, 29, '2025-09-01', 'pending', NULL, NULL, '2025-09-01 00:44:23'),
(5521, 6, 26, '2025-09-01', 'pending', NULL, NULL, '2025-09-01 02:28:50'),
(5523, 6, 25, '2025-09-01', 'pending', NULL, NULL, '2025-09-01 01:20:34'),
(5524, 6, 27, '2025-09-01', 'pending', NULL, NULL, '2025-09-01 01:20:34'),
(5525, 6, 29, '2025-09-01', 'pending', NULL, NULL, '2025-09-01 01:20:34'),
(5617, 8, 26, '2025-09-01', 'pending', NULL, NULL, '2025-09-01 02:44:32'),
(5619, 8, 25, '2025-09-01', 'pending', NULL, NULL, '2025-09-01 02:44:32'),
(5620, 8, 27, '2025-09-01', 'pending', NULL, NULL, '2025-09-01 02:44:32'),
(5621, 8, 29, '2025-09-01', 'pending', NULL, NULL, '2025-09-01 02:44:32'),
(6602, 1, 26, '2025-09-02', 'pending', NULL, NULL, '2025-09-02 00:37:08'),
(6604, 1, 25, '2025-09-02', 'pending', NULL, NULL, '2025-09-02 00:37:08'),
(6606, 1, 27, '2025-09-02', 'pending', NULL, NULL, '2025-09-02 00:37:08'),
(6607, 1, 29, '2025-09-02', 'pending', NULL, NULL, '2025-09-02 00:37:08'),
(6620, 3, 26, '2025-09-02', 'completed', '2025-09-02 11:19:24', NULL, '2025-09-02 03:19:24'),
(6622, 3, 25, '2025-09-02', 'completed', '2025-09-02 11:19:17', NULL, '2025-09-02 03:19:17'),
(6623, 3, 27, '2025-09-02', 'completed', '2025-09-02 11:19:42', NULL, '2025-09-02 03:19:42'),
(6624, 3, 29, '2025-09-02', 'completed', '2025-09-02 11:19:49', NULL, '2025-09-02 03:19:49'),
(7186, 3, 25, '2025-09-03', 'completed', '2025-09-03 11:15:00', NULL, '2025-09-03 03:15:00'),
(7187, 3, 26, '2025-09-03', 'completed', '2025-09-03 11:13:50', NULL, '2025-09-03 03:13:50'),
(7188, 3, 27, '2025-09-03', 'completed', '2025-09-03 11:15:06', NULL, '2025-09-03 03:15:06'),
(7189, 3, 29, '2025-09-03', 'completed', '2025-09-03 11:15:14', NULL, '2025-09-03 03:15:14'),
(7196, 1, 25, '2025-09-03', 'pending', NULL, NULL, '2025-09-03 01:26:26'),
(7197, 1, 26, '2025-09-03', 'pending', NULL, NULL, '2025-09-03 01:26:26'),
(7198, 1, 27, '2025-09-03', 'pending', NULL, NULL, '2025-09-03 01:26:26'),
(7199, 1, 29, '2025-09-03', 'pending', NULL, NULL, '2025-09-03 01:26:26'),
(7313, 1, 33, '2025-09-03', 'pending', NULL, NULL, '2025-09-03 02:59:31'),
(7314, 3, 33, '2025-09-03', 'completed', '2025-09-03 11:14:12', NULL, '2025-09-03 03:14:12'),
(7327, 1, 34, '2025-09-03', 'pending', NULL, NULL, '2025-09-03 03:01:33'),
(7328, 3, 34, '2025-09-03', 'completed', '2025-09-03 11:14:31', NULL, '2025-09-03 03:14:31'),
(7336, 1, 35, '2025-09-03', 'pending', NULL, NULL, '2025-09-03 03:02:58'),
(7337, 3, 35, '2025-09-03', 'completed', '2025-09-03 11:14:35', NULL, '2025-09-03 03:14:35'),
(7346, 1, 36, '2025-09-03', 'pending', NULL, NULL, '2025-09-03 03:04:12'),
(7347, 3, 36, '2025-09-03', 'completed', '2025-09-03 11:14:39', NULL, '2025-09-03 03:14:39'),
(7366, 1, 37, '2025-09-03', 'pending', NULL, NULL, '2025-09-03 03:05:54'),
(7367, 3, 37, '2025-09-03', 'completed', '2025-09-03 11:14:47', NULL, '2025-09-03 03:14:47'),
(7378, 1, 38, '2025-09-03', 'pending', NULL, NULL, '2025-09-03 03:07:20'),
(7379, 3, 38, '2025-09-03', 'completed', '2025-09-03 11:14:54', NULL, '2025-09-03 03:14:54');

--
-- Indexes for dumped tables
--

--
-- Indexes for table `tasks`
--
ALTER TABLE `tasks`
  ADD PRIMARY KEY (`id`);

--
-- Indexes for table `task_descriptions`
--
ALTER TABLE `task_descriptions`
  ADD PRIMARY KEY (`id`),
  ADD KEY `task_id` (`task_id`);

--
-- Indexes for table `users`
--
ALTER TABLE `users`
  ADD PRIMARY KEY (`id`),
  ADD UNIQUE KEY `email` (`email`);

--
-- Indexes for table `user_description_checks`
--
ALTER TABLE `user_description_checks`
  ADD PRIMARY KEY (`id`),
  ADD UNIQUE KEY `uniq_user_desc_date` (`user_id`,`task_description_id`,`check_date`),
  ADD KEY `task_description_id` (`task_description_id`);

--
-- Indexes for table `user_tasks`
--
ALTER TABLE `user_tasks`
  ADD PRIMARY KEY (`id`),
  ADD UNIQUE KEY `uq_user_task_date` (`user_id`,`task_id`,`task_date`);

--
-- AUTO_INCREMENT for dumped tables
--

--
-- AUTO_INCREMENT for table `tasks`
--
ALTER TABLE `tasks`
  MODIFY `id` int(11) NOT NULL AUTO_INCREMENT, AUTO_INCREMENT=40;

--
-- AUTO_INCREMENT for table `task_descriptions`
--
ALTER TABLE `task_descriptions`
  MODIFY `id` int(11) NOT NULL AUTO_INCREMENT, AUTO_INCREMENT=134;

--
-- AUTO_INCREMENT for table `users`
--
ALTER TABLE `users`
  MODIFY `id` int(11) NOT NULL AUTO_INCREMENT, AUTO_INCREMENT=9;

--
-- AUTO_INCREMENT for table `user_description_checks`
--
ALTER TABLE `user_description_checks`
  MODIFY `id` int(11) NOT NULL AUTO_INCREMENT, AUTO_INCREMENT=606;

--
-- AUTO_INCREMENT for table `user_tasks`
--
ALTER TABLE `user_tasks`
  MODIFY `id` int(11) NOT NULL AUTO_INCREMENT, AUTO_INCREMENT=8888;

--
-- Constraints for dumped tables
--

--
-- Constraints for table `task_descriptions`
--
ALTER TABLE `task_descriptions`
  ADD CONSTRAINT `task_descriptions_ibfk_1` FOREIGN KEY (`task_id`) REFERENCES `tasks` (`id`) ON DELETE CASCADE;

--
-- Constraints for table `user_description_checks`
--
ALTER TABLE `user_description_checks`
  ADD CONSTRAINT `user_description_checks_ibfk_1` FOREIGN KEY (`task_description_id`) REFERENCES `task_descriptions` (`id`) ON DELETE CASCADE;
COMMIT;

/*!40101 SET CHARACTER_SET_CLIENT=@OLD_CHARACTER_SET_CLIENT */;
/*!40101 SET CHARACTER_SET_RESULTS=@OLD_CHARACTER_SET_RESULTS */;
/*!40101 SET COLLATION_CONNECTION=@OLD_COLLATION_CONNECTION */;
